vocab_size,embedding_dim,seq_len,dtype,dup_ratio,n_unique,pytorch_ms,forge_ms,liger_ms,forge_speedup,liger_speedup
32000,768,512,fp32,1.0,512,0.280,0.817,0.474,0.34x,0.59x
32000,768,512,fp32,0.1,51,0.256,0.817,0.483,0.31x,0.53x
32000,768,512,bf16,1.0,512,0.254,0.819,N/A,0.31x,N/A
32000,768,512,bf16,0.1,51,0.256,0.813,N/A,0.31x,N/A
32000,768,2048,fp32,1.0,2048,0.348,0.833,0.491,0.42x,0.71x
32000,768,2048,fp32,0.1,204,0.322,0.827,0.500,0.39x,0.64x
32000,768,2048,bf16,1.0,2048,0.332,0.835,N/A,0.40x,N/A
32000,768,2048,bf16,0.1,204,0.310,0.813,N/A,0.38x,N/A
32000,768,8192,fp32,1.0,8192,0.577,0.882,0.601,0.65x,0.96x
32000,768,8192,fp32,0.1,819,0.481,0.889,0.569,0.54x,0.85x
32000,768,8192,bf16,1.0,8192,0.557,0.894,N/A,0.62x,N/A
32000,768,8192,bf16,0.1,819,0.464,0.872,N/A,0.53x,N/A
32000,2048,512,fp32,1.0,512,0.336,0.898,0.558,0.37x,0.60x
32000,2048,512,fp32,0.1,51,0.338,0.894,0.541,0.38x,0.63x
32000,2048,512,bf16,1.0,512,0.310,0.861,N/A,0.36x,N/A
32000,2048,512,bf16,0.1,51,0.304,0.856,N/A,0.35x,N/A
32000,2048,2048,fp32,1.0,2048,0.443,0.906,0.668,0.49x,0.66x
32000,2048,2048,fp32,0.1,204,0.414,0.902,0.630,0.46x,0.66x
32000,2048,2048,bf16,1.0,2048,0.409,0.875,N/A,0.47x,N/A
32000,2048,2048,bf16,0.1,204,0.375,0.871,N/A,0.43x,N/A
32000,2048,8192,fp32,1.0,8192,1.015,0.987,1.020,1.03x,0.99x
32000,2048,8192,fp32,0.1,819,0.810,0.981,0.937,0.83x,0.86x
32000,2048,8192,bf16,1.0,8192,0.924,0.964,N/A,0.96x,N/A
32000,2048,8192,bf16,0.1,819,0.715,0.940,N/A,0.76x,N/A
32000,4096,512,fp32,1.0,512,0.474,1.035,0.702,0.46x,0.68x
32000,4096,512,fp32,0.1,51,0.474,1.024,0.687,0.46x,0.69x
32000,4096,512,bf16,1.0,512,0.416,0.956,N/A,0.44x,N/A
32000,4096,512,bf16,0.1,51,0.472,1.036,N/A,0.46x,N/A
32000,4096,2048,fp32,1.0,2048,0.672,1.122,0.954,0.60x,0.70x
32000,4096,2048,fp32,0.1,204,0.649,1.119,0.910,0.58x,0.71x
32000,4096,2048,bf16,1.0,2048,0.601,1.056,N/A,0.57x,N/A
32000,4096,2048,bf16,0.1,204,0.572,1.051,N/A,0.54x,N/A
32000,4096,8192,fp32,1.0,8192,1.790,1.303,1.785,1.37x,1.00x
32000,4096,8192,fp32,0.1,819,1.429,1.266,1.586,1.13x,0.90x
32000,4096,8192,bf16,1.0,8192,1.613,1.157,N/A,1.39x,N/A
32000,4096,8192,bf16,0.1,819,1.234,1.145,N/A,1.08x,N/A
64000,768,512,fp32,1.0,512,0.388,0.950,0.607,0.41x,0.64x
64000,768,512,fp32,0.1,51,0.382,0.943,0.575,0.40x,0.66x
64000,768,512,bf16,1.0,512,0.383,0.927,N/A,0.41x,N/A
64000,768,512,bf16,0.1,51,0.446,0.923,N/A,0.48x,N/A
64000,768,2048,fp32,1.0,2048,0.470,0.970,0.628,0.48x,0.75x
64000,768,2048,fp32,0.1,204,0.455,0.964,0.585,0.47x,0.78x
64000,768,2048,bf16,1.0,2048,0.449,0.935,N/A,0.48x,N/A
64000,768,2048,bf16,0.1,204,0.422,0.948,N/A,0.45x,N/A
64000,768,8192,fp32,1.0,8192,0.704,1.041,0.709,0.68x,0.99x
64000,768,8192,fp32,0.1,819,0.600,1.042,0.666,0.58x,0.90x
64000,768,8192,bf16,1.0,8192,0.665,1.012,N/A,0.66x,N/A
64000,768,8192,bf16,0.1,819,0.567,1.004,N/A,0.56x,N/A
64000,2048,512,fp32,1.0,512,0.553,1.132,0.746,0.49x,0.74x
64000,2048,512,fp32,0.1,51,0.543,1.130,0.735,0.48x,0.74x
64000,2048,512,bf16,1.0,512,0.484,1.058,N/A,0.46x,N/A
64000,2048,512,bf16,0.1,51,0.473,1.057,N/A,0.45x,N/A
64000,2048,2048,fp32,1.0,2048,0.649,1.136,0.854,0.57x,0.76x
64000,2048,2048,fp32,0.1,204,0.618,1.136,0.819,0.54x,0.75x
64000,2048,2048,bf16,1.0,2048,0.580,1.063,N/A,0.55x,N/A
64000,2048,2048,bf16,0.1,204,0.548,1.064,N/A,0.52x,N/A
64000,2048,8192,fp32,1.0,8192,1.158,1.214,1.197,0.95x,0.97x
64000,2048,8192,fp32,0.1,819,0.943,1.320,1.110,0.71x,0.85x
64000,2048,8192,bf16,1.0,8192,1.035,1.137,N/A,0.91x,N/A
64000,2048,8192,bf16,0.1,819,0.819,1.134,N/A,0.72x,N/A
64000,4096,512,fp32,1.0,512,0.825,1.392,1.025,0.59x,0.80x
64000,4096,512,fp32,0.1,51,0.814,1.393,1.004,0.58x,0.81x
64000,4096,512,bf16,1.0,512,0.685,1.247,N/A,0.55x,N/A
64000,4096,512,bf16,0.1,51,0.672,1.251,N/A,0.54x,N/A
64000,4096,2048,fp32,1.0,2048,0.936,1.390,1.230,0.67x,0.76x
64000,4096,2048,fp32,0.1,204,0.916,1.401,1.177,0.65x,0.78x
64000,4096,2048,bf16,1.0,2048,0.796,1.246,N/A,0.64x,N/A
64000,4096,2048,bf16,0.1,204,0.698,1.190,N/A,0.59x,N/A
64000,4096,8192,fp32,1.0,8192,2.073,1.595,2.086,1.30x,0.99x
64000,4096,8192,fp32,0.1,819,1.684,1.466,1.832,1.15x,0.92x
64000,4096,8192,bf16,1.0,8192,1.820,1.277,N/A,1.42x,N/A
64000,4096,8192,bf16,0.1,819,1.418,1.270,N/A,1.12x,N/A
128256,768,512,fp32,1.0,512,0.411,0.973,0.629,0.42x,0.65x
128256,768,512,fp32,0.1,51,0.401,0.955,0.609,0.42x,0.66x
128256,768,512,bf16,1.0,512,0.378,0.914,N/A,0.41x,N/A
128256,768,512,bf16,0.1,51,0.352,0.917,N/A,0.38x,N/A
128256,768,2048,fp32,1.0,2048,0.497,0.973,0.625,0.51x,0.80x
128256,768,2048,fp32,0.1,204,0.470,0.973,0.610,0.48x,0.77x
128256,768,2048,bf16,1.0,2048,0.441,0.914,N/A,0.48x,N/A
128256,768,2048,bf16,0.1,204,0.414,0.921,N/A,0.45x,N/A
128256,768,8192,fp32,1.0,8192,0.736,1.040,0.756,0.71x,0.97x
128256,768,8192,fp32,0.1,819,0.629,1.046,0.715,0.60x,0.88x
128256,768,8192,bf16,1.0,8192,0.683,0.991,N/A,0.69x,N/A
128256,768,8192,bf16,0.1,819,0.579,0.989,N/A,0.59x,N/A
128256,2048,512,fp32,1.0,512,0.756,1.319,0.950,0.57x,0.80x
128256,2048,512,fp32,0.1,51,0.741,1.303,0.943,0.57x,0.79x
128256,2048,512,bf16,1.0,512,0.598,1.156,N/A,0.52x,N/A
128256,2048,512,bf16,0.1,51,0.590,1.154,N/A,0.51x,N/A
128256,2048,2048,fp32,1.0,2048,0.841,1.299,1.063,0.65x,0.79x
128256,2048,2048,fp32,0.1,204,0.815,1.299,1.024,0.63x,0.80x
128256,2048,2048,bf16,1.0,2048,0.697,1.159,N/A,0.60x,N/A
128256,2048,2048,bf16,0.1,204,0.661,1.167,N/A,0.57x,N/A
128256,2048,8192,fp32,1.0,8192,1.425,1.405,1.440,1.01x,0.99x
128256,2048,8192,fp32,0.1,819,1.204,1.396,1.330,0.86x,0.91x
128256,2048,8192,bf16,1.0,8192,1.226,1.244,N/A,0.99x,N/A
128256,2048,8192,bf16,0.1,819,1.003,1.239,N/A,0.81x,N/A
128256,4096,512,fp32,1.0,512,1.318,1.882,1.545,0.70x,0.85x
128256,4096,512,fp32,0.1,51,1.324,1.882,1.525,0.70x,0.87x
128256,4096,512,bf16,1.0,512,0.990,1.550,N/A,0.64x,N/A
128256,4096,512,bf16,0.1,51,0.973,1.539,N/A,0.63x,N/A
128256,4096,2048,fp32,1.0,2048,1.460,1.891,1.752,0.77x,0.83x
128256,4096,2048,fp32,0.1,204,1.425,1.885,1.702,0.76x,0.84x
128256,4096,2048,bf16,1.0,2048,1.109,1.553,N/A,0.71x,N/A
128256,4096,2048,bf16,0.1,204,1.078,1.559,N/A,0.69x,N/A
128256,4096,8192,fp32,1.0,8192,2.658,2.137,2.647,1.24x,1.00x
128256,4096,8192,fp32,0.1,819,2.263,2.098,2.388,1.08x,0.95x
128256,4096,8192,bf16,1.0,8192,2.212,1.661,N/A,1.33x,N/A
128256,4096,8192,bf16,0.1,819,1.798,1.651,N/A,1.09x,N/A
