H_kv,H_q,K,M,N,batch,dtype,head_dim,hidden,memory_mb,mode,num_heads,num_kv_heads,pytorch_fwd_bwd_ms,pytorch_ms,rank,seq_len,tflops
,,4096,2048,4096,,torch.bfloat16,,,104.3,projection,,,,0.4763,8,,
,,4096,2048,4096,,torch.bfloat16,,,104.4,projection,,,,0.4757,16,,
,,4096,2048,4096,,torch.bfloat16,,,104.8,projection,,,,0.4767,32,,
,,4096,2048,4096,,torch.bfloat16,,,105.4,projection,,,,0.4042,64,,
,,4096,4096,4096,,torch.bfloat16,,,168.3,projection,,,,0.6842,8,,
,,4096,4096,4096,,torch.bfloat16,,,168.5,projection,,,,0.7065,16,,
,,4096,4096,4096,,torch.bfloat16,,,168.9,projection,,,,0.7117,32,,
,,4096,4096,4096,,torch.bfloat16,,,169.6,projection,,,,0.7171,64,,
,,4096,8192,4096,,torch.bfloat16,,,296.4,projection,,,,1.3833,8,,
,,4096,8192,4096,,torch.bfloat16,,,296.6,projection,,,,1.3998,16,,
,,4096,8192,4096,,torch.bfloat16,,,297.1,projection,,,,1.4081,32,,
,,4096,8192,4096,,torch.bfloat16,,,298.1,projection,,,,1.4173,64,,
,,4096,2048,1024,,torch.bfloat16,,,44.2,projection,,,,0.1331,8,,
,,4096,2048,1024,,torch.bfloat16,,,44.3,projection,,,,0.1321,16,,
,,4096,2048,1024,,torch.bfloat16,,,44.6,projection,,,,0.1314,32,,
,,4096,2048,1024,,torch.bfloat16,,,45.0,projection,,,,0.1339,64,,
,,4096,8192,1024,,torch.bfloat16,,,128.3,projection,,,,0.4332,8,,
,,4096,8192,1024,,torch.bfloat16,,,128.5,projection,,,,0.4332,16,,
,,4096,8192,1024,,torch.bfloat16,,,128.9,projection,,,,0.4335,32,,
,,4096,8192,1024,,torch.bfloat16,,,129.8,projection,,,,0.4393,64,,
,,8192,4096,8192,,torch.bfloat16,,,392.4,projection,,,,2.3451,8,,
,,8192,4096,8192,,torch.bfloat16,,,392.8,projection,,,,2.4353,16,,
,,8192,4096,8192,,torch.bfloat16,,,393.4,projection,,,,2.508,32,,
,,8192,4096,8192,,torch.bfloat16,,,394.6,projection,,,,2.5172,64,,
1024,4096,,2048,,1,torch.bfloat16,128,4096,120.4,qkv,32,8,,0.6813,8,2048,152.19
1024,4096,,2048,,1,torch.bfloat16,128,4096,120.8,qkv,32,8,,0.6573,16,2048,158.65
1024,4096,,2048,,1,torch.bfloat16,128,4096,121.4,qkv,32,8,,0.6596,32,2048,159.94
1024,4096,,2048,,1,torch.bfloat16,128,4096,122.6,qkv,32,8,,0.6688,64,2048,161.36
1024,4096,,2048,,4,torch.bfloat16,128,4096,120.4,qkv,32,8,,0.6552,8,512,158.26
1024,4096,,2048,,4,torch.bfloat16,128,4096,120.8,qkv,32,8,,0.6555,16,512,159.09
1024,4096,,2048,,4,torch.bfloat16,128,4096,121.4,qkv,32,8,,0.6584,32,512,160.24
1024,4096,,2048,,4,torch.bfloat16,128,4096,122.6,qkv,32,8,,0.6685,64,512,161.43
1024,4096,,8192,,4,torch.bfloat16,128,4096,312.5,qkv,32,8,,2.2653,8,2048,183.08
1024,4096,,8192,,4,torch.bfloat16,128,4096,312.9,qkv,32,8,,2.2764,16,2048,183.25
1024,4096,,8192,,4,torch.bfloat16,128,4096,313.8,qkv,32,8,,2.2841,32,2048,184.75
1024,4096,,8192,,4,torch.bfloat16,128,4096,315.4,qkv,32,8,,2.3122,64,2048,186.68
4096,4096,,8192,,4,torch.bfloat16,128,4096,488.6,qkv,32,32,,4.2049,8,2048,196.88
4096,4096,,8192,,4,torch.bfloat16,128,4096,489.1,qkv,32,32,,4.2334,16,2048,196.32
4096,4096,,8192,,4,torch.bfloat16,128,4096,490.1,qkv,32,32,,4.2241,32,2048,198.27
4096,4096,,8192,,4,torch.bfloat16,128,4096,492.1,qkv,32,32,,4.3111,64,2048,197.26
512,2048,,8192,,4,torch.bfloat16,128,2048,148.4,qkv,16,4,,0.8129,8,2048,128.28
512,2048,,8192,,4,torch.bfloat16,128,2048,148.7,qkv,16,4,,0.7953,16,2048,132.65
512,2048,,8192,,4,torch.bfloat16,128,2048,149.2,qkv,16,4,,0.7926,32,2048,136.15
512,2048,,8192,,4,torch.bfloat16,128,2048,150.2,qkv,16,4,,0.8053,64,2048,140.0
,,,8192,,4,torch.bfloat16,128,4096,,backward,32,8,5.792,,8,2048,
,,,8192,,4,torch.bfloat16,128,4096,,backward,32,8,5.9055,,16,2048,
,,,8192,,4,torch.bfloat16,128,4096,,backward,32,8,5.8206,,32,2048,
,,,8192,,4,torch.bfloat16,128,4096,,backward,32,8,5.924,,64,2048,
,,,8192,,4,torch.bfloat16,128,4096,,backward,32,32,9.6916,,8,2048,
,,,8192,,4,torch.bfloat16,128,4096,,backward,32,32,9.7977,,16,2048,
,,,8192,,4,torch.bfloat16,128,4096,,backward,32,32,9.7897,,32,2048,
,,,8192,,4,torch.bfloat16,128,4096,,backward,32,32,9.9247,,64,2048,
