device,suite,provider,mode,batch,seq,hidden,intermediate,dtype,approximate,time_ms,peak_memory_mib
NVIDIA A100-SXM4-80GB,a100,separate_torch,gateup_forward,1,512,4096,11008,bf16,tanh,0.674593,521.375
NVIDIA A100-SXM4-80GB,a100,separate_torch,mlp_forward,1,512,4096,11008,bf16,tanh,0.907335,521.375
NVIDIA A100-SXM4-80GB,a100,separate_forge,gateup_forward,1,512,4096,11008,bf16,tanh,0.572562,489.125
NVIDIA A100-SXM4-80GB,a100,separate_forge,mlp_forward,1,512,4096,11008,bf16,tanh,0.810090,489.125
NVIDIA A100-SXM4-80GB,a100,packed_torch,gateup_forward,1,512,4096,11008,bf16,tanh,0.599227,521.375
NVIDIA A100-SXM4-80GB,a100,packed_torch,mlp_forward,1,512,4096,11008,bf16,tanh,0.782561,521.375
NVIDIA A100-SXM4-80GB,a100,packed_forge,gateup_forward,1,512,4096,11008,bf16,tanh,0.483722,489.125
NVIDIA A100-SXM4-80GB,a100,packed_forge,mlp_forward,1,512,4096,11008,bf16,tanh,0.682655,489.125
NVIDIA A100-SXM4-80GB,a100,liger,gateup_forward,1,512,4096,11008,bf16,tanh,0.506990,489.125
NVIDIA A100-SXM4-80GB,a100,liger,mlp_forward,1,512,4096,11008,bf16,tanh,0.710065,489.125
NVIDIA A100-SXM4-80GB,a100,separate_torch,gateup_forward,2,2048,4096,11008,bf16,tanh,3.738046,1104.125
NVIDIA A100-SXM4-80GB,a100,separate_torch,mlp_forward,2,2048,4096,11008,bf16,tanh,5.221138,1104.125
NVIDIA A100-SXM4-80GB,a100,separate_forge,gateup_forward,2,2048,4096,11008,bf16,tanh,3.162850,846.125
NVIDIA A100-SXM4-80GB,a100,separate_forge,mlp_forward,2,2048,4096,11008,bf16,tanh,4.619596,846.125
NVIDIA A100-SXM4-80GB,a100,packed_torch,gateup_forward,2,2048,4096,11008,bf16,tanh,3.958052,1104.125
NVIDIA A100-SXM4-80GB,a100,packed_torch,mlp_forward,2,2048,4096,11008,bf16,tanh,5.335307,1104.125
NVIDIA A100-SXM4-80GB,a100,packed_forge,gateup_forward,2,2048,4096,11008,bf16,tanh,3.146507,846.125
NVIDIA A100-SXM4-80GB,a100,packed_forge,mlp_forward,2,2048,4096,11008,bf16,tanh,4.640684,846.125
NVIDIA A100-SXM4-80GB,a100,liger,gateup_forward,2,2048,4096,11008,bf16,tanh,3.205439,846.125
NVIDIA A100-SXM4-80GB,a100,liger,mlp_forward,2,2048,4096,11008,bf16,tanh,4.724820,846.125
NVIDIA A100-SXM4-80GB,a100,separate_torch,gateup_forward,2,7,4096,11009,bf16,tanh,0.490494,440.443
NVIDIA A100-SXM4-80GB,a100,separate_torch,mlp_forward,2,7,4096,11009,bf16,tanh,0.625275,440.443
NVIDIA A100-SXM4-80GB,a100,separate_forge,gateup_forward,2,7,4096,11009,bf16,tanh,0.466293,439.561
NVIDIA A100-SXM4-80GB,a100,separate_forge,mlp_forward,2,7,4096,11009,bf16,tanh,0.599040,439.561
NVIDIA A100-SXM4-80GB,a100,packed_torch,gateup_forward,2,7,4096,11009,bf16,tanh,0.208276,440.442
NVIDIA A100-SXM4-80GB,a100,packed_torch,mlp_forward,2,7,4096,11009,bf16,tanh,0.346513,440.442
NVIDIA A100-SXM4-80GB,a100,packed_forge,gateup_forward,2,7,4096,11009,bf16,tanh,0.195943,439.560
NVIDIA A100-SXM4-80GB,a100,packed_forge,mlp_forward,2,7,4096,11009,bf16,tanh,0.332407,439.560
NVIDIA A100-SXM4-80GB,a100,liger,gateup_forward,2,7,4096,11009,bf16,tanh,0.462078,439.561
NVIDIA A100-SXM4-80GB,a100,liger,mlp_forward,2,7,4096,11009,bf16,tanh,0.599246,439.561
NVIDIA A100-SXM4-80GB,a100,separate_torch,gateup_forward,1,128,3072,24576,bf16,tanh,0.311377,771.625
NVIDIA A100-SXM4-80GB,a100,separate_torch,mlp_forward,1,128,3072,24576,bf16,tanh,0.434069,771.625
NVIDIA A100-SXM4-80GB,a100,separate_forge,gateup_forward,1,128,3072,24576,bf16,tanh,0.271145,753.625
NVIDIA A100-SXM4-80GB,a100,separate_forge,mlp_forward,1,128,3072,24576,bf16,tanh,0.381696,753.625
NVIDIA A100-SXM4-80GB,a100,packed_torch,gateup_forward,1,128,3072,24576,bf16,tanh,0.319255,771.625
NVIDIA A100-SXM4-80GB,a100,packed_torch,mlp_forward,1,128,3072,24576,bf16,tanh,0.423598,771.625
NVIDIA A100-SXM4-80GB,a100,packed_forge,gateup_forward,1,128,3072,24576,bf16,tanh,0.263877,753.625
NVIDIA A100-SXM4-80GB,a100,packed_forge,mlp_forward,1,128,3072,24576,bf16,tanh,0.369723,753.625
NVIDIA A100-SXM4-80GB,a100,liger,gateup_forward,1,128,3072,24576,bf16,tanh,0.281834,753.625
NVIDIA A100-SXM4-80GB,a100,liger,mlp_forward,1,128,3072,24576,bf16,tanh,0.389190,753.625
