K,M,N,batch,dtype,hidden,intermediate,mode,rank,seq_len,speedup,triton_v1_ms,unsloth_ms,v3_ms,v5_inf_ms,v5_inf_vs_unsloth,v5_inf_vs_v3,v5_train_ms,v5_train_vs_unsloth,v5_train_vs_v3,v5_up1_train_ms,v5_up1_train_vs_unsloth,v5_up1_train_vs_v3,v5_up1_train_vs_v5,v6_streams_ms,v6_streams_vs_unsloth,v6_streams_vs_v3,v6_streams_vs_v5_up1,v6_streams_vs_v6_sync,v6_sync_ms,v6_sync_vs_unsloth,v6_sync_vs_v3,v6_sync_vs_v5_up1
4096,2048,14336,,torch.bfloat16,,,projection,8,,0.633,1.7185,1.0874,,,,,,,,,,,,,,,,,,,,
4096,2048,14336,,torch.bfloat16,,,projection,16,,0.684,1.6353,1.1188,,,,,,,,,,,,,,,,,,,,
4096,2048,14336,,torch.bfloat16,,,projection,32,,0.58,1.8425,1.068,,,,,,,,,,,,,,,,,,,,
4096,2048,14336,,torch.bfloat16,,,projection,64,,0.477,2.3876,1.1386,,,,,,,,,,,,,,,,,,,,
4096,4096,14336,,torch.bfloat16,,,projection,8,,0.618,3.4617,2.1384,,,,,,,,,,,,,,,,,,,,
4096,4096,14336,,torch.bfloat16,,,projection,16,,0.637,3.4202,2.1785,,,,,,,,,,,,,,,,,,,,
4096,4096,14336,,torch.bfloat16,,,projection,32,,0.565,3.8357,2.168,,,,,,,,,,,,,,,,,,,,
4096,4096,14336,,torch.bfloat16,,,projection,64,,0.453,4.8656,2.2029,,,,,,,,,,,,,,,,,,,,
4096,8192,14336,,torch.bfloat16,,,projection,8,,0.631,6.76,4.2683,,,,,,,,,,,,,,,,,,,,
4096,8192,14336,,torch.bfloat16,,,projection,16,,0.632,6.8456,4.3244,,,,,,,,,,,,,,,,,,,,
4096,8192,14336,,torch.bfloat16,,,projection,32,,0.562,7.6823,4.3145,,,,,,,,,,,,,,,,,,,,
4096,8192,14336,,torch.bfloat16,,,projection,64,,0.455,9.6722,4.3967,,,,,,,,,,,,,,,,,,,,
14336,2048,4096,,torch.bfloat16,,,projection,8,,0.68,1.6035,1.091,,,,,,,,,,,,,,,,,,,,
14336,2048,4096,,torch.bfloat16,,,projection,16,,0.577,1.827,1.0549,,,,,,,,,,,,,,,,,,,,
14336,2048,4096,,torch.bfloat16,,,projection,32,,0.556,1.8871,1.05,,,,,,,,,,,,,,,,,,,,
14336,2048,4096,,torch.bfloat16,,,projection,64,,0.506,2.1064,1.0667,,,,,,,,,,,,,,,,,,,,
14336,4096,4096,,torch.bfloat16,,,projection,8,,0.649,3.1568,2.0487,,,,,,,,,,,,,,,,,,,,
14336,4096,4096,,torch.bfloat16,,,projection,16,,0.547,3.7245,2.0366,,,,,,,,,,,,,,,,,,,,
14336,4096,4096,,torch.bfloat16,,,projection,32,,0.531,3.8502,2.0461,,,,,,,,,,,,,,,,,,,,
14336,4096,4096,,torch.bfloat16,,,projection,64,,0.488,4.2483,2.0711,,,,,,,,,,,,,,,,,,,,
,8192,,4,torch.bfloat16,4096,14336,mlp,8,2048,,,13.1289,12.5806,12.511,1.049,1.006,12.7875,1.027,0.984,12.5267,1.048,1.004,1.021,13.3788,0.981,0.94,0.936,1.007,13.4674,0.975,0.934,0.93
,8192,,4,torch.bfloat16,4096,14336,mlp,16,2048,,,13.0502,12.476,12.2677,1.064,1.017,12.7052,1.027,0.982,12.3597,1.056,1.009,1.028,13.2343,0.986,0.943,0.934,1.006,13.3092,0.981,0.937,0.929
,8192,,4,torch.bfloat16,4096,14336,mlp,32,2048,,,13.05,12.4842,12.2636,1.064,1.018,12.6755,1.03,0.985,12.4612,1.047,1.002,1.017,13.2965,0.981,0.939,0.937,1.004,13.3495,0.978,0.935,0.933
,8192,,4,torch.bfloat16,4096,14336,mlp,64,2048,,,13.1373,12.7183,12.2741,1.07,1.036,12.8919,1.019,0.987,12.5784,1.044,1.011,1.025,13.4495,0.977,0.946,0.935,1.007,13.549,0.97,0.939,0.928
,2048,,1,torch.bfloat16,4096,14336,mlp,8,2048,,,3.4096,3.2855,3.1213,1.092,1.053,3.2943,1.035,0.997,3.2236,1.058,1.019,1.022,3.9998,0.852,0.821,0.806,1.01,4.0399,0.844,0.813,0.798
,2048,,1,torch.bfloat16,4096,14336,mlp,16,2048,,,3.3989,3.2571,3.1231,1.088,1.043,3.2524,1.045,1.001,3.1715,1.072,1.027,1.026,3.9484,0.861,0.825,0.803,1.027,4.0547,0.838,0.803,0.782
,2048,,1,torch.bfloat16,4096,14336,mlp,32,2048,,,3.3913,3.2808,3.1288,1.084,1.049,3.3267,1.019,0.986,3.1862,1.064,1.03,1.044,3.943,0.86,0.832,0.808,1.018,4.0122,0.845,0.818,0.794
,2048,,1,torch.bfloat16,4096,14336,mlp,64,2048,,,3.4066,3.3371,3.1237,1.091,1.068,3.3434,1.019,0.998,3.2086,1.062,1.04,1.042,3.9993,0.852,0.834,0.802,1.025,4.101,0.831,0.814,0.782
,2048,,2,torch.bfloat16,4096,14336,mlp,8,1024,,,3.3974,3.3425,3.1127,1.091,1.074,3.3357,1.018,1.002,3.2043,1.06,1.043,1.041,3.9748,0.855,0.841,0.806,1.023,4.0665,0.835,0.822,0.788
,2048,,2,torch.bfloat16,4096,14336,mlp,16,1024,,,3.3994,3.2843,3.1394,1.083,1.046,3.3316,1.02,0.986,3.1328,1.085,1.048,1.063,3.9979,0.85,0.822,0.784,1.014,4.0542,0.838,0.81,0.773
,2048,,2,torch.bfloat16,4096,14336,mlp,32,1024,,,3.3732,3.304,3.0888,1.092,1.07,3.2995,1.022,1.001,3.1685,1.065,1.043,1.041,3.9881,0.846,0.828,0.794,1.007,4.0178,0.84,0.822,0.789
,2048,,2,torch.bfloat16,4096,14336,mlp,64,1024,,,3.4324,3.3324,3.136,1.095,1.063,3.3436,1.027,0.997,3.2278,1.063,1.032,1.036,4.0196,0.854,0.829,0.803,1.01,4.0591,0.846,0.821,0.795
,2048,,4,torch.bfloat16,4096,14336,mlp,8,512,,,3.3979,3.2924,3.1302,1.086,1.052,3.4047,0.998,0.967,3.2045,1.06,1.027,1.062,4.0011,0.849,0.823,0.801,1.006,4.0269,0.844,0.818,0.796
,2048,,4,torch.bfloat16,4096,14336,mlp,16,512,,,3.3903,3.2789,3.1163,1.088,1.052,3.2882,1.031,0.997,3.182,1.065,1.03,1.033,3.9788,0.852,0.824,0.8,1.013,4.0318,0.841,0.813,0.789
,2048,,4,torch.bfloat16,4096,14336,mlp,32,512,,,3.3776,3.3044,3.1177,1.083,1.06,3.3341,1.013,0.991,3.191,1.058,1.036,1.045,3.9412,0.857,0.838,0.81,1.016,4.0047,0.843,0.825,0.797
,2048,,4,torch.bfloat16,4096,14336,mlp,64,512,,,3.4372,3.3406,3.1248,1.1,1.069,3.3453,1.027,0.999,3.251,1.057,1.028,1.029,4.0119,0.857,0.833,0.81,1.015,4.0709,0.844,0.821,0.799
,512,,1,torch.bfloat16,4096,14336,mlp,8,512,,,1.063,1.0002,0.9266,1.147,1.079,0.8908,1.193,1.123,0.9078,1.171,1.102,0.981,1.6512,0.644,0.606,0.55,1.024,1.6914,0.628,0.591,0.537
,512,,1,torch.bfloat16,4096,14336,mlp,16,512,,,1.0336,0.9857,0.9182,1.126,1.074,0.8756,1.18,1.126,0.8894,1.162,1.108,0.985,1.6432,0.629,0.6,0.541,1.022,1.6791,0.616,0.587,0.53
,512,,1,torch.bfloat16,4096,14336,mlp,32,512,,,1.0237,1.0008,0.9223,1.11,1.085,0.8846,1.157,1.131,0.9035,1.133,1.108,0.979,1.6472,0.622,0.608,0.548,1.022,1.6834,0.608,0.595,0.537
,512,,1,torch.bfloat16,4096,14336,mlp,64,512,,,1.0391,1.0041,0.9159,1.134,1.096,0.8866,1.172,1.133,0.9079,1.144,1.106,0.976,1.6568,0.627,0.606,0.548,1.024,1.6959,0.613,0.592,0.535
,2048,,1,torch.bfloat16,5120,17920,mlp,8,2048,,,5.0672,4.9066,4.6299,1.094,1.06,4.9901,1.015,0.983,4.9282,1.028,0.996,1.013,6.0669,0.835,0.809,0.812,1.001,6.0728,0.834,0.808,0.812
,2048,,1,torch.bfloat16,5120,17920,mlp,16,2048,,,4.9883,5.0184,4.7138,1.058,1.065,5.0428,0.989,0.995,4.7249,1.056,1.062,1.067,6.0309,0.827,0.832,0.783,1.009,6.0852,0.82,0.825,0.776
,2048,,1,torch.bfloat16,5120,17920,mlp,32,2048,,,5.0147,4.9042,4.7227,1.062,1.038,4.9485,1.013,0.991,4.7606,1.053,1.03,1.039,6.0324,0.831,0.813,0.789,1.008,6.0781,0.825,0.807,0.783
,2048,,1,torch.bfloat16,5120,17920,mlp,64,2048,,,5.062,4.9822,4.8037,1.054,1.037,5.0125,1.01,0.994,4.8798,1.037,1.021,1.027,6.0458,0.837,0.824,0.807,1.012,6.1207,0.827,0.814,0.797
