provider,mode,bt,vocab,dtype,latency_ms,memory_mb,latency_vs_forge,memory_vs_forge
torch,forward,1024,128256,fp32,1.3128,502.00,1.001,38077.704
forge,forward,1024,128256,fp32,1.3119,0.01,1.000,1.000
liger,forward,1024,128256,fp32,1.3146,0.01,1.002,1.000
torch,backward,1024,128256,fp32,1.6722,1004.00,5.353,514048.000
forge,backward,1024,128256,fp32,0.3124,0.00,1.000,1.000
liger,backward,1024,128256,fp32,0.3152,0.00,1.009,1.000
torch,full,1024,128256,fp32,2.8767,1506.00,1.883,114232.963
forge,full,1024,128256,fp32,1.5280,0.01,1.000,1.000
liger,full,1024,128256,fp32,1.5462,0.01,1.012,1.000
torch,no-grad-forward,1024,128256,fp32,1.3118,502.00,1.915,38077.704
forge,no-grad-forward,1024,128256,fp32,0.6852,0.01,1.000,1.000
liger,no-grad-forward,1024,128256,fp32,0.6930,0.01,1.011,1.000
torch,forward,2048,128256,fp32,2.5773,1002.00,1.140,38718.830
forge,forward,2048,128256,fp32,2.2606,0.03,1.000,1.000
liger,forward,2048,128256,fp32,2.2273,0.03,0.985,1.000
torch,backward,2048,128256,fp32,3.2325,2004.00,9.400,1026048.000
forge,backward,2048,128256,fp32,0.3439,0.00,1.000,1.000
liger,backward,2048,128256,fp32,0.3292,0.00,0.957,1.000
torch,full,2048,128256,fp32,5.7035,3006.00,2.318,116156.415
forge,full,2048,128256,fp32,2.4607,0.03,1.000,1.000
liger,full,2048,128256,fp32,2.4593,0.03,0.999,1.000
torch,no-grad-forward,2048,128256,fp32,2.5855,1002.00,2.544,38718.830
forge,no-grad-forward,2048,128256,fp32,1.0163,0.03,1.000,1.000
liger,no-grad-forward,2048,128256,fp32,1.0175,0.03,1.001,1.000
torch,forward,4096,128256,fp32,5.1212,2004.00,1.231,39087.562
forge,forward,4096,128256,fp32,4.1612,0.05,1.000,1.000
liger,forward,4096,128256,fp32,4.1191,0.05,0.990,1.000
torch,backward,4096,128256,fp32,6.3286,4008.00,19.708,2052096.000
forge,backward,4096,128256,fp32,0.3211,0.00,1.000,1.000
liger,backward,4096,128256,fp32,0.3410,0.00,1.062,1.000
torch,full,4096,128256,fp32,11.3278,6012.00,2.606,117262.648
forge,full,4096,128256,fp32,4.3476,0.05,1.000,1.000
liger,full,4096,128256,fp32,4.3702,0.05,1.005,1.000
torch,no-grad-forward,4096,128256,fp32,5.1264,2004.00,3.120,39087.562
forge,no-grad-forward,4096,128256,fp32,1.6428,0.05,1.000,1.000
liger,no-grad-forward,4096,128256,fp32,1.6559,0.05,1.008,1.000
torch,forward,8192,128256,fp32,10.1862,4008.00,1.285,39274.574
forge,forward,8192,128256,fp32,7.9248,0.10,1.000,1.000
liger,forward,8192,128256,fp32,7.9047,0.10,0.997,1.000
torch,backward,8192,128256,fp32,12.5261,8016.00,36.031,4104192.000
forge,backward,8192,128256,fp32,0.3476,0.00,1.000,1.000
liger,backward,8192,128256,fp32,0.3273,0.00,0.941,1.000
torch,full,8192,128256,fp32,22.5683,12024.00,2.774,117823.703
forge,full,8192,128256,fp32,8.1366,0.10,1.000,1.000
liger,full,8192,128256,fp32,8.1450,0.10,1.001,1.000
torch,no-grad-forward,8192,128256,fp32,10.2116,4008.00,3.465,39274.574
forge,no-grad-forward,8192,128256,fp32,2.9473,0.10,1.000,1.000
liger,no-grad-forward,8192,128256,fp32,2.9508,0.10,1.001,1.000
