provider,mode,bt,hidden,vocab,dtype,bias,latency_ms,memory_mb,latency_vs_forge,memory_vs_forge
torch,forward,1024,4096,128256,bf16,False,5.3898,501.00,0.368,0.395
forge,forward,1024,4096,128256,bf16,False,14.6352,1268.51,1.000,1.000
liger,forward,1024,4096,128256,bf16,False,261.0250,4023.83,17.835,3.172
torch,backward,1024,4096,128256,bf16,False,9.6523,1010.00,25.195,517120.000
forge,backward,1024,4096,128256,bf16,False,0.3831,0.00,1.000,1.000
liger,backward,1024,4096,128256,bf16,False,0.7998,0.00,2.088,1.000
torch,full,1024,4096,128256,bf16,False,14.5374,1260.50,0.958,0.994
forge,full,1024,4096,128256,bf16,False,15.1683,1268.51,1.000,1.000
liger,full,1024,4096,128256,bf16,False,261.8061,4023.83,17.260,3.172
torch,no-grad-forward,1024,4096,128256,bf16,False,4.9020,501.00,1.012,1.938
forge,no-grad-forward,1024,4096,128256,bf16,False,4.8456,258.51,1.000,1.000
liger,no-grad-forward,1024,4096,128256,bf16,False,21.2958,23.66,4.395,0.092
torch,forward,2048,4096,128256,bf16,False,9.8665,1004.00,0.345,0.654
forge,forward,2048,4096,128256,bf16,False,28.6308,1536.03,1.000,1.000
liger,forward,2048,4096,128256,bf16,False,267.1818,4040.01,9.332,2.630
torch,backward,2048,4096,128256,bf16,False,18.9107,1018.00,46.426,521216.000
forge,backward,2048,4096,128256,bf16,False,0.4073,0.00,1.000,1.000
liger,backward,2048,4096,128256,bf16,False,0.8050,0.00,1.976,1.000
torch,full,2048,4096,128256,bf16,False,28.7347,1520.00,0.998,0.990
forge,full,2048,4096,128256,bf16,False,28.7974,1536.03,1.000,1.000
liger,full,2048,4096,128256,bf16,False,267.7805,4040.01,9.299,2.630
torch,no-grad-forward,2048,4096,128256,bf16,False,9.8853,1004.00,1.052,1.938
forge,no-grad-forward,2048,4096,128256,bf16,False,9.3930,518.03,1.000,1.000
liger,no-grad-forward,2048,4096,128256,bf16,False,21.8745,48.01,2.329,0.093
torch,forward,4096,4096,128256,bf16,False,19.6931,2004.00,0.349,0.976
forge,forward,4096,4096,128256,bf16,False,56.4457,2053.05,1.000,1.000
liger,forward,4096,4096,128256,bf16,False,287.8221,4071.33,5.099,1.983
torch,backward,4096,4096,128256,bf16,False,37.8376,2004.00,73.999,1026048.000
forge,backward,4096,4096,128256,bf16,False,0.5113,0.00,1.000,1.000
liger,backward,4096,4096,128256,bf16,False,0.8048,0.00,1.574,1.000
torch,full,4096,4096,128256,bf16,False,57.7838,3006.00,1.015,1.464
forge,full,4096,4096,128256,bf16,False,56.9056,2053.05,1.000,1.000
liger,full,4096,4096,128256,bf16,False,288.7345,4071.33,5.074,1.983
torch,no-grad-forward,4096,4096,128256,bf16,False,19.8036,2004.00,1.070,1.936
forge,no-grad-forward,4096,4096,128256,bf16,False,18.5119,1035.05,1.000,1.000
liger,no-grad-forward,4096,4096,128256,bf16,False,23.8829,94.64,1.290,0.091
torch,forward,8192,4096,128256,bf16,False,39.5302,4008.00,0.350,1.922
forge,forward,8192,4096,128256,bf16,False,112.7941,2085.10,1.000,1.000
liger,forward,8192,4096,128256,bf16,False,321.3219,4134.66,2.849,1.983
torch,backward,8192,4096,128256,bf16,False,74.4447,4008.00,127.684,2052096.000
forge,backward,8192,4096,128256,bf16,False,0.5830,0.00,1.000,1.000
liger,backward,8192,4096,128256,bf16,False,0.8233,0.00,1.412,1.000
torch,full,8192,4096,128256,bf16,False,115.6503,6012.00,1.023,2.883
forge,full,8192,4096,128256,bf16,False,113.0666,2085.10,1.000,1.000
liger,full,8192,4096,128256,bf16,False,321.6424,4134.66,2.845,1.983
torch,no-grad-forward,8192,4096,128256,bf16,False,39.5280,4008.00,1.066,3.756
forge,no-grad-forward,8192,4096,128256,bf16,False,37.0696,1067.10,1.000,1.000
liger,no-grad-forward,8192,4096,128256,bf16,False,41.1364,189.29,1.110,0.177
