device,suite,provider,layout,mode,batch,seq,hidden,dtype,approximate,time_ms,peak_memory_mib
NVIDIA A100-SXM4-80GB,a100,torch,separate,forward,1,512,11008,bf16,tanh,0.138353,98.250
NVIDIA A100-SXM4-80GB,a100,torch,separate,full,1,512,11008,bf16,tanh,0.330170,164.250
NVIDIA A100-SXM4-80GB,a100,forge_fast,separate,forward,1,512,11008,bf16,tanh,0.102566,65.000
NVIDIA A100-SXM4-80GB,a100,forge_fast,separate,full,1,512,11008,bf16,tanh,0.355554,86.500
NVIDIA A100-SXM4-80GB,a100,forge_safe,separate,forward,1,512,11008,bf16,tanh,0.100635,65.000
NVIDIA A100-SXM4-80GB,a100,forge_safe,separate,full,1,512,11008,bf16,tanh,0.368251,108.000
NVIDIA A100-SXM4-80GB,a100,torch_packed,packed,forward,1,512,11008,bf16,tanh,0.174328,98.250
NVIDIA A100-SXM4-80GB,a100,torch_packed,packed,full,1,512,11008,bf16,tanh,0.423492,164.250
NVIDIA A100-SXM4-80GB,a100,forge_packed_fast,packed,forward,1,512,11008,bf16,tanh,0.101035,65.000
NVIDIA A100-SXM4-80GB,a100,forge_packed_fast,packed,full,1,512,11008,bf16,tanh,0.336618,87.000
NVIDIA A100-SXM4-80GB,a100,forge_packed_safe,packed,forward,1,512,11008,bf16,tanh,0.098563,65.000
NVIDIA A100-SXM4-80GB,a100,forge_packed_safe,packed,full,1,512,11008,bf16,tanh,0.350358,109.000
NVIDIA A100-SXM4-80GB,a100,liger,separate,forward,1,512,11008,bf16,tanh,0.102571,65.000
NVIDIA A100-SXM4-80GB,a100,liger,separate,full,1,512,11008,bf16,tanh,0.351231,86.500
NVIDIA A100-SXM4-80GB,a100,torch,separate,forward,2,2048,11008,bf16,tanh,0.898536,774.000
NVIDIA A100-SXM4-80GB,a100,torch,separate,full,2,2048,11008,bf16,tanh,1.911670,1290.000
NVIDIA A100-SXM4-80GB,a100,forge_fast,separate,forward,2,2048,11008,bf16,tanh,0.227444,516.000
NVIDIA A100-SXM4-80GB,a100,forge_fast,separate,full,2,2048,11008,bf16,tanh,0.521153,688.000
NVIDIA A100-SXM4-80GB,a100,forge_safe,separate,forward,2,2048,11008,bf16,tanh,0.224799,516.000
NVIDIA A100-SXM4-80GB,a100,forge_safe,separate,full,2,2048,11008,bf16,tanh,0.521915,860.000
NVIDIA A100-SXM4-80GB,a100,torch_packed,packed,forward,2,2048,11008,bf16,tanh,0.932256,774.000
NVIDIA A100-SXM4-80GB,a100,torch_packed,packed,full,2,2048,11008,bf16,tanh,2.416862,1290.000
NVIDIA A100-SXM4-80GB,a100,forge_packed_fast,packed,forward,2,2048,11008,bf16,tanh,0.227590,516.000
NVIDIA A100-SXM4-80GB,a100,forge_packed_fast,packed,full,2,2048,11008,bf16,tanh,0.522766,688.000
NVIDIA A100-SXM4-80GB,a100,forge_packed_safe,packed,forward,2,2048,11008,bf16,tanh,0.225187,516.000
NVIDIA A100-SXM4-80GB,a100,forge_packed_safe,packed,full,2,2048,11008,bf16,tanh,0.518565,860.000
NVIDIA A100-SXM4-80GB,a100,liger,separate,forward,2,2048,11008,bf16,tanh,0.268247,516.000
NVIDIA A100-SXM4-80GB,a100,liger,separate,full,2,2048,11008,bf16,tanh,0.574614,688.000
NVIDIA A100-SXM4-80GB,a100,torch,separate,forward,4,2048,11008,bf16,tanh,1.622192,1548.000
NVIDIA A100-SXM4-80GB,a100,torch,separate,full,4,2048,11008,bf16,tanh,3.742077,2580.000
NVIDIA A100-SXM4-80GB,a100,forge_fast,separate,forward,4,2048,11008,bf16,tanh,0.384873,1032.000
NVIDIA A100-SXM4-80GB,a100,forge_fast,separate,full,4,2048,11008,bf16,tanh,0.933563,1376.000
NVIDIA A100-SXM4-80GB,a100,forge_safe,separate,forward,4,2048,11008,bf16,tanh,0.377056,1032.000
NVIDIA A100-SXM4-80GB,a100,forge_safe,separate,full,4,2048,11008,bf16,tanh,0.916776,1720.000
NVIDIA A100-SXM4-80GB,a100,torch_packed,packed,forward,4,2048,11008,bf16,tanh,1.804504,1548.000
NVIDIA A100-SXM4-80GB,a100,torch_packed,packed,full,4,2048,11008,bf16,tanh,4.738398,2580.000
NVIDIA A100-SXM4-80GB,a100,forge_packed_fast,packed,forward,4,2048,11008,bf16,tanh,0.385464,1032.000
NVIDIA A100-SXM4-80GB,a100,forge_packed_fast,packed,full,4,2048,11008,bf16,tanh,0.938019,1376.000
NVIDIA A100-SXM4-80GB,a100,forge_packed_safe,packed,forward,4,2048,11008,bf16,tanh,0.380997,1032.000
NVIDIA A100-SXM4-80GB,a100,forge_packed_safe,packed,full,4,2048,11008,bf16,tanh,0.921097,1720.000
NVIDIA A100-SXM4-80GB,a100,liger,separate,forward,4,2048,11008,bf16,tanh,0.459322,1032.000
NVIDIA A100-SXM4-80GB,a100,liger,separate,full,4,2048,11008,bf16,tanh,1.047111,1376.000
NVIDIA A100-SXM4-80GB,a100,torch,separate,forward,2,7,11009,bf16,tanh,0.071011,2.648
NVIDIA A100-SXM4-80GB,a100,torch,separate,full,2,7,11009,bf16,tanh,0.306975,4.415
NVIDIA A100-SXM4-80GB,a100,forge_fast,separate,forward,2,7,11009,bf16,tanh,0.101303,1.766
NVIDIA A100-SXM4-80GB,a100,forge_fast,separate,full,2,7,11009,bf16,tanh,0.339541,2.355
NVIDIA A100-SXM4-80GB,a100,forge_safe,separate,forward,2,7,11009,bf16,tanh,0.101427,1.766
NVIDIA A100-SXM4-80GB,a100,forge_safe,separate,full,2,7,11009,bf16,tanh,0.360600,2.944
NVIDIA A100-SXM4-80GB,a100,torch_packed,packed,forward,2,7,11009,bf16,tanh,0.094733,2.648
NVIDIA A100-SXM4-80GB,a100,torch_packed,packed,full,2,7,11009,bf16,tanh,0.362516,4.414
NVIDIA A100-SXM4-80GB,a100,forge_packed_fast,packed,forward,2,7,11009,bf16,tanh,0.100464,1.766
NVIDIA A100-SXM4-80GB,a100,forge_packed_fast,packed,full,2,7,11009,bf16,tanh,0.331707,2.354
NVIDIA A100-SXM4-80GB,a100,forge_packed_safe,packed,forward,2,7,11009,bf16,tanh,0.100465,1.766
NVIDIA A100-SXM4-80GB,a100,forge_packed_safe,packed,full,2,7,11009,bf16,tanh,0.347349,2.943
NVIDIA A100-SXM4-80GB,a100,liger,separate,forward,2,7,11009,bf16,tanh,0.100390,1.766
NVIDIA A100-SXM4-80GB,a100,liger,separate,full,2,7,11009,bf16,tanh,0.375587,2.355
NVIDIA A100-SXM4-80GB,a100,torch,separate,forward,1,128,24576,bf16,tanh,0.072813,54.000
NVIDIA A100-SXM4-80GB,a100,torch,separate,full,1,128,24576,bf16,tanh,0.311096,90.000
NVIDIA A100-SXM4-80GB,a100,forge_fast,separate,forward,1,128,24576,bf16,tanh,0.101149,36.000
NVIDIA A100-SXM4-80GB,a100,forge_fast,separate,full,1,128,24576,bf16,tanh,0.341960,48.000
NVIDIA A100-SXM4-80GB,a100,forge_safe,separate,forward,1,128,24576,bf16,tanh,0.100904,36.000
NVIDIA A100-SXM4-80GB,a100,forge_safe,separate,full,1,128,24576,bf16,tanh,0.364710,60.000
NVIDIA A100-SXM4-80GB,a100,torch_packed,packed,forward,1,128,24576,bf16,tanh,0.098968,54.000
NVIDIA A100-SXM4-80GB,a100,torch_packed,packed,full,1,128,24576,bf16,tanh,0.364453,90.000
NVIDIA A100-SXM4-80GB,a100,forge_packed_fast,packed,forward,1,128,24576,bf16,tanh,0.099608,36.000
NVIDIA A100-SXM4-80GB,a100,forge_packed_fast,packed,full,1,128,24576,bf16,tanh,0.330672,48.000
NVIDIA A100-SXM4-80GB,a100,forge_packed_safe,packed,forward,1,128,24576,bf16,tanh,0.100571,36.000
NVIDIA A100-SXM4-80GB,a100,forge_packed_safe,packed,full,1,128,24576,bf16,tanh,0.346560,60.000
NVIDIA A100-SXM4-80GB,a100,liger,separate,forward,1,128,24576,bf16,tanh,0.099949,36.000
NVIDIA A100-SXM4-80GB,a100,liger,separate,full,1,128,24576,bf16,tanh,0.349071,48.000
NVIDIA A100-SXM4-80GB,a100,torch,separate,forward,1,32,65537,bf16,tanh,0.071320,36.003
NVIDIA A100-SXM4-80GB,a100,torch,separate,full,1,32,65537,bf16,tanh,0.307706,60.005
NVIDIA A100-SXM4-80GB,a100,forge_fast,separate,forward,1,32,65537,bf16,tanh,0.101910,24.002
NVIDIA A100-SXM4-80GB,a100,forge_fast,separate,full,1,32,65537,bf16,tanh,0.344830,32.003
NVIDIA A100-SXM4-80GB,a100,forge_safe,separate,forward,1,32,65537,bf16,tanh,0.102694,24.002
NVIDIA A100-SXM4-80GB,a100,forge_safe,separate,full,1,32,65537,bf16,tanh,0.372210,40.004
NVIDIA A100-SXM4-80GB,a100,torch_packed,packed,forward,1,32,65537,bf16,tanh,0.096296,36.003
NVIDIA A100-SXM4-80GB,a100,torch_packed,packed,full,1,32,65537,bf16,tanh,0.367200,60.005
NVIDIA A100-SXM4-80GB,a100,forge_packed_fast,packed,forward,1,32,65537,bf16,tanh,0.101968,24.002
NVIDIA A100-SXM4-80GB,a100,forge_packed_fast,packed,full,1,32,65537,bf16,tanh,0.334014,32.003
NVIDIA A100-SXM4-80GB,a100,forge_packed_safe,packed,forward,1,32,65537,bf16,tanh,0.100870,24.002
NVIDIA A100-SXM4-80GB,a100,forge_packed_safe,packed,full,1,32,65537,bf16,tanh,0.348138,40.003
