device,suite,provider,layout,mode,batch,seq,hidden,dtype,gate_multiplier,down_multiplier,time_ms,peak_memory_mib,warmup,rep
NVIDIA A100-SXM4-80GB,a100,torch,separate,forward,1,512,11008,bf16,1.0,1.0,0.174224,98.250,20,50
NVIDIA A100-SXM4-80GB,a100,torch,separate,full,1,512,11008,bf16,1.0,1.0,0.416973,163.750,20,50
NVIDIA A100-SXM4-80GB,a100,forge_fast,separate,forward,1,512,11008,bf16,1.0,1.0,0.116793,65.000,20,50
NVIDIA A100-SXM4-80GB,a100,forge_fast,separate,backward,1,512,11008,bf16,1.0,1.0,0.082672,75.750,20,50
NVIDIA A100-SXM4-80GB,a100,forge_fast,separate,full,1,512,11008,bf16,1.0,1.0,0.377666,86.500,20,50
NVIDIA A100-SXM4-80GB,a100,forge_safe,separate,forward,1,512,11008,bf16,1.0,1.0,0.115626,65.000,20,50
NVIDIA A100-SXM4-80GB,a100,forge_safe,separate,backward,1,512,11008,bf16,1.0,1.0,0.095961,97.250,20,50
NVIDIA A100-SXM4-80GB,a100,forge_safe,separate,full,1,512,11008,bf16,1.0,1.0,0.398253,108.000,20,50
NVIDIA A100-SXM4-80GB,a100,torch_packed,packed,forward,1,512,11008,bf16,1.0,1.0,0.215157,98.250,20,50
NVIDIA A100-SXM4-80GB,a100,torch_packed,packed,full,1,512,11008,bf16,1.0,1.0,0.513232,164.250,20,50
NVIDIA A100-SXM4-80GB,a100,forge_packed_fast,packed,forward,1,512,11008,bf16,1.0,1.0,0.112184,65.000,20,50
NVIDIA A100-SXM4-80GB,a100,forge_packed_fast,packed,backward,1,512,11008,bf16,1.0,1.0,0.078440,76.250,20,50
NVIDIA A100-SXM4-80GB,a100,forge_packed_fast,packed,full,1,512,11008,bf16,1.0,1.0,0.357523,87.000,20,50
NVIDIA A100-SXM4-80GB,a100,forge_packed_safe,packed,forward,1,512,11008,bf16,1.0,1.0,0.111037,65.000,20,50
NVIDIA A100-SXM4-80GB,a100,forge_packed_safe,packed,backward,1,512,11008,bf16,1.0,1.0,0.088225,98.250,20,50
NVIDIA A100-SXM4-80GB,a100,forge_packed_safe,packed,full,1,512,11008,bf16,1.0,1.0,0.369294,109.000,20,50
NVIDIA A100-SXM4-80GB,a100,liger,separate,forward,1,512,11008,bf16,1.0,1.0,0.106552,65.000,20,50
NVIDIA A100-SXM4-80GB,a100,liger,separate,full,1,512,11008,bf16,1.0,1.0,0.365387,86.500,20,50
NVIDIA A100-SXM4-80GB,a100,torch,separate,forward,1,512,11008,bf16,0.7,1.3,0.175430,98.250,20,50
NVIDIA A100-SXM4-80GB,a100,torch,separate,full,1,512,11008,bf16,0.7,1.3,0.422216,163.750,20,50
NVIDIA A100-SXM4-80GB,a100,forge_fast,separate,forward,1,512,11008,bf16,0.7,1.3,0.118111,65.000,20,50
NVIDIA A100-SXM4-80GB,a100,forge_fast,separate,backward,1,512,11008,bf16,0.7,1.3,0.084084,75.750,20,50
NVIDIA A100-SXM4-80GB,a100,forge_fast,separate,full,1,512,11008,bf16,0.7,1.3,0.376406,86.500,20,50
NVIDIA A100-SXM4-80GB,a100,forge_safe,separate,forward,1,512,11008,bf16,0.7,1.3,0.115762,65.000,20,50
NVIDIA A100-SXM4-80GB,a100,forge_safe,separate,backward,1,512,11008,bf16,0.7,1.3,0.097085,97.250,20,50
NVIDIA A100-SXM4-80GB,a100,forge_safe,separate,full,1,512,11008,bf16,0.7,1.3,0.395642,108.000,20,50
NVIDIA A100-SXM4-80GB,a100,torch_packed,packed,forward,1,512,11008,bf16,0.7,1.3,0.214339,98.250,20,50
NVIDIA A100-SXM4-80GB,a100,torch_packed,packed,full,1,512,11008,bf16,0.7,1.3,0.514779,164.250,20,50
NVIDIA A100-SXM4-80GB,a100,forge_packed_fast,packed,forward,1,512,11008,bf16,0.7,1.3,0.111926,65.000,20,50
NVIDIA A100-SXM4-80GB,a100,forge_packed_fast,packed,backward,1,512,11008,bf16,0.7,1.3,0.079329,76.250,20,50
NVIDIA A100-SXM4-80GB,a100,forge_packed_fast,packed,full,1,512,11008,bf16,0.7,1.3,0.357566,87.000,20,50
NVIDIA A100-SXM4-80GB,a100,forge_packed_safe,packed,forward,1,512,11008,bf16,0.7,1.3,0.111400,65.000,20,50
NVIDIA A100-SXM4-80GB,a100,forge_packed_safe,packed,backward,1,512,11008,bf16,0.7,1.3,0.091719,98.250,20,50
NVIDIA A100-SXM4-80GB,a100,forge_packed_safe,packed,full,1,512,11008,bf16,0.7,1.3,0.374580,109.000,20,50
NVIDIA A100-SXM4-80GB,a100,liger,separate,forward,1,512,11008,bf16,0.7,1.3,0.146337,75.750,20,50
NVIDIA A100-SXM4-80GB,a100,liger,separate,full,1,512,11008,bf16,0.7,1.3,0.471288,97.250,20,50
NVIDIA A100-SXM4-80GB,a100,torch,separate,forward,2,2048,11008,bf16,1.0,1.0,1.216694,774.000,20,50
NVIDIA A100-SXM4-80GB,a100,torch,separate,full,2,2048,11008,bf16,1.0,1.0,2.544074,1290.000,20,50
NVIDIA A100-SXM4-80GB,a100,forge_fast,separate,forward,2,2048,11008,bf16,1.0,1.0,0.236799,516.000,20,50
NVIDIA A100-SXM4-80GB,a100,forge_fast,separate,backward,2,2048,11008,bf16,1.0,1.0,0.315095,602.000,20,50
NVIDIA A100-SXM4-80GB,a100,forge_fast,separate,full,2,2048,11008,bf16,1.0,1.0,0.542930,688.000,20,50
NVIDIA A100-SXM4-80GB,a100,forge_safe,separate,forward,2,2048,11008,bf16,1.0,1.0,0.233307,516.000,20,50
NVIDIA A100-SXM4-80GB,a100,forge_safe,separate,backward,2,2048,11008,bf16,1.0,1.0,0.320581,774.000,20,50
NVIDIA A100-SXM4-80GB,a100,forge_safe,separate,full,2,2048,11008,bf16,1.0,1.0,0.551366,860.000,20,50
NVIDIA A100-SXM4-80GB,a100,torch_packed,packed,forward,2,2048,11008,bf16,1.0,1.0,1.250435,774.000,20,50
NVIDIA A100-SXM4-80GB,a100,torch_packed,packed,full,2,2048,11008,bf16,1.0,1.0,3.049317,1290.000,20,50
NVIDIA A100-SXM4-80GB,a100,forge_packed_fast,packed,forward,2,2048,11008,bf16,1.0,1.0,0.230136,516.000,20,50
NVIDIA A100-SXM4-80GB,a100,forge_packed_fast,packed,backward,2,2048,11008,bf16,1.0,1.0,0.309726,602.000,20,50
NVIDIA A100-SXM4-80GB,a100,forge_packed_fast,packed,full,2,2048,11008,bf16,1.0,1.0,0.538759,688.000,20,50
NVIDIA A100-SXM4-80GB,a100,forge_packed_safe,packed,forward,2,2048,11008,bf16,1.0,1.0,0.231027,516.000,20,50
NVIDIA A100-SXM4-80GB,a100,forge_packed_safe,packed,backward,2,2048,11008,bf16,1.0,1.0,0.316230,774.000,20,50
NVIDIA A100-SXM4-80GB,a100,forge_packed_safe,packed,full,2,2048,11008,bf16,1.0,1.0,0.539663,860.000,20,50
NVIDIA A100-SXM4-80GB,a100,liger,separate,forward,2,2048,11008,bf16,1.0,1.0,0.247025,516.000,20,50
NVIDIA A100-SXM4-80GB,a100,liger,separate,full,2,2048,11008,bf16,1.0,1.0,0.538161,688.000,20,50
NVIDIA A100-SXM4-80GB,a100,torch,separate,forward,2,2048,11008,bf16,0.7,1.3,1.150275,774.000,20,50
NVIDIA A100-SXM4-80GB,a100,torch,separate,full,2,2048,11008,bf16,0.7,1.3,2.543373,1290.000,20,50
NVIDIA A100-SXM4-80GB,a100,forge_fast,separate,forward,2,2048,11008,bf16,0.7,1.3,0.239400,516.000,20,50
NVIDIA A100-SXM4-80GB,a100,forge_fast,separate,backward,2,2048,11008,bf16,0.7,1.3,0.317659,602.000,20,50
NVIDIA A100-SXM4-80GB,a100,forge_fast,separate,full,2,2048,11008,bf16,0.7,1.3,0.544893,688.000,20,50
NVIDIA A100-SXM4-80GB,a100,forge_safe,separate,forward,2,2048,11008,bf16,0.7,1.3,0.234849,516.000,20,50
NVIDIA A100-SXM4-80GB,a100,forge_safe,separate,backward,2,2048,11008,bf16,0.7,1.3,0.320579,774.000,20,50
NVIDIA A100-SXM4-80GB,a100,forge_safe,separate,full,2,2048,11008,bf16,0.7,1.3,0.549195,860.000,20,50
NVIDIA A100-SXM4-80GB,a100,torch_packed,packed,forward,2,2048,11008,bf16,0.7,1.3,1.250529,774.000,20,50
NVIDIA A100-SXM4-80GB,a100,torch_packed,packed,full,2,2048,11008,bf16,0.7,1.3,3.048033,1290.000,20,50
NVIDIA A100-SXM4-80GB,a100,forge_packed_fast,packed,forward,2,2048,11008,bf16,0.7,1.3,0.236883,516.000,20,50
NVIDIA A100-SXM4-80GB,a100,forge_packed_fast,packed,backward,2,2048,11008,bf16,0.7,1.3,0.312923,602.000,20,50
NVIDIA A100-SXM4-80GB,a100,forge_packed_fast,packed,full,2,2048,11008,bf16,0.7,1.3,0.534725,688.000,20,50
NVIDIA A100-SXM4-80GB,a100,forge_packed_safe,packed,forward,2,2048,11008,bf16,0.7,1.3,0.231478,516.000,20,50
NVIDIA A100-SXM4-80GB,a100,forge_packed_safe,packed,backward,2,2048,11008,bf16,0.7,1.3,0.314214,774.000,20,50
NVIDIA A100-SXM4-80GB,a100,forge_packed_safe,packed,full,2,2048,11008,bf16,0.7,1.3,0.539089,860.000,20,50
NVIDIA A100-SXM4-80GB,a100,liger,separate,forward,2,2048,11008,bf16,0.7,1.3,0.346469,602.000,20,50
NVIDIA A100-SXM4-80GB,a100,liger,separate,full,2,2048,11008,bf16,0.7,1.3,0.748609,774.000,20,50
NVIDIA A100-SXM4-80GB,a100,torch,separate,forward,4,2048,11008,bf16,1.0,1.0,2.246771,1548.000,20,50
NVIDIA A100-SXM4-80GB,a100,torch,separate,full,4,2048,11008,bf16,1.0,1.0,4.988303,2580.000,20,50
NVIDIA A100-SXM4-80GB,a100,forge_fast,separate,forward,4,2048,11008,bf16,1.0,1.0,0.395136,1032.000,20,50
NVIDIA A100-SXM4-80GB,a100,forge_fast,separate,backward,4,2048,11008,bf16,1.0,1.0,0.580362,1204.000,20,50
NVIDIA A100-SXM4-80GB,a100,forge_fast,separate,full,4,2048,11008,bf16,1.0,1.0,0.948950,1376.000,20,50
NVIDIA A100-SXM4-80GB,a100,forge_safe,separate,forward,4,2048,11008,bf16,1.0,1.0,0.390735,1032.000,20,50
NVIDIA A100-SXM4-80GB,a100,forge_safe,separate,backward,4,2048,11008,bf16,1.0,1.0,0.577596,1548.000,20,50
NVIDIA A100-SXM4-80GB,a100,forge_safe,separate,full,4,2048,11008,bf16,1.0,1.0,0.939123,1720.000,20,50
NVIDIA A100-SXM4-80GB,a100,torch_packed,packed,forward,4,2048,11008,bf16,1.0,1.0,2.428957,1548.000,20,50
NVIDIA A100-SXM4-80GB,a100,torch_packed,packed,full,4,2048,11008,bf16,1.0,1.0,5.987983,2580.000,20,50
NVIDIA A100-SXM4-80GB,a100,forge_packed_fast,packed,forward,4,2048,11008,bf16,1.0,1.0,0.392202,1032.000,20,50
NVIDIA A100-SXM4-80GB,a100,forge_packed_fast,packed,backward,4,2048,11008,bf16,1.0,1.0,0.578562,1204.000,20,50
NVIDIA A100-SXM4-80GB,a100,forge_packed_fast,packed,full,4,2048,11008,bf16,1.0,1.0,0.944422,1376.000,20,50
NVIDIA A100-SXM4-80GB,a100,forge_packed_safe,packed,forward,4,2048,11008,bf16,1.0,1.0,0.386272,1032.000,20,50
NVIDIA A100-SXM4-80GB,a100,forge_packed_safe,packed,backward,4,2048,11008,bf16,1.0,1.0,0.570346,1548.000,20,50
NVIDIA A100-SXM4-80GB,a100,forge_packed_safe,packed,full,4,2048,11008,bf16,1.0,1.0,0.931526,1720.000,20,50
NVIDIA A100-SXM4-80GB,a100,liger,separate,forward,4,2048,11008,bf16,1.0,1.0,0.384788,1032.000,20,50
NVIDIA A100-SXM4-80GB,a100,liger,separate,full,4,2048,11008,bf16,1.0,1.0,0.949632,1376.000,20,50
NVIDIA A100-SXM4-80GB,a100,torch,separate,forward,4,2048,11008,bf16,0.7,1.3,2.247920,1548.000,20,50
NVIDIA A100-SXM4-80GB,a100,torch,separate,full,4,2048,11008,bf16,0.7,1.3,4.991025,2580.000,20,50
NVIDIA A100-SXM4-80GB,a100,forge_fast,separate,forward,4,2048,11008,bf16,0.7,1.3,0.399416,1032.000,20,50
NVIDIA A100-SXM4-80GB,a100,forge_fast,separate,backward,4,2048,11008,bf16,0.7,1.3,0.584406,1204.000,20,50
NVIDIA A100-SXM4-80GB,a100,forge_fast,separate,full,4,2048,11008,bf16,0.7,1.3,0.955721,1376.000,20,50
NVIDIA A100-SXM4-80GB,a100,forge_safe,separate,forward,4,2048,11008,bf16,0.7,1.3,0.394967,1032.000,20,50
NVIDIA A100-SXM4-80GB,a100,forge_safe,separate,backward,4,2048,11008,bf16,0.7,1.3,0.579416,1548.000,20,50
NVIDIA A100-SXM4-80GB,a100,forge_safe,separate,full,4,2048,11008,bf16,0.7,1.3,0.942222,1720.000,20,50
NVIDIA A100-SXM4-80GB,a100,torch_packed,packed,forward,4,2048,11008,bf16,0.7,1.3,2.429159,1548.000,20,50
NVIDIA A100-SXM4-80GB,a100,torch_packed,packed,full,4,2048,11008,bf16,0.7,1.3,5.986806,2580.000,20,50
NVIDIA A100-SXM4-80GB,a100,forge_packed_fast,packed,forward,4,2048,11008,bf16,0.7,1.3,0.394760,1032.000,20,50
NVIDIA A100-SXM4-80GB,a100,forge_packed_fast,packed,backward,4,2048,11008,bf16,0.7,1.3,0.579302,1204.000,20,50
NVIDIA A100-SXM4-80GB,a100,forge_packed_fast,packed,full,4,2048,11008,bf16,0.7,1.3,0.946966,1376.000,20,50
NVIDIA A100-SXM4-80GB,a100,forge_packed_safe,packed,forward,4,2048,11008,bf16,0.7,1.3,0.386644,1032.000,20,50
NVIDIA A100-SXM4-80GB,a100,forge_packed_safe,packed,backward,4,2048,11008,bf16,0.7,1.3,0.570814,1548.000,20,50
NVIDIA A100-SXM4-80GB,a100,forge_packed_safe,packed,full,4,2048,11008,bf16,0.7,1.3,0.935066,1720.000,20,50
NVIDIA A100-SXM4-80GB,a100,liger,separate,forward,4,2048,11008,bf16,0.7,1.3,0.608250,1204.000,20,50
NVIDIA A100-SXM4-80GB,a100,liger,separate,full,4,2048,11008,bf16,0.7,1.3,1.374029,1548.000,20,50
NVIDIA A100-SXM4-80GB,a100,torch,separate,forward,2,7,11009,bf16,1.0,1.0,0.108105,2.648,20,50
NVIDIA A100-SXM4-80GB,a100,torch,separate,full,2,7,11009,bf16,1.0,1.0,0.395196,4.415,20,50
NVIDIA A100-SXM4-80GB,a100,forge_fast,separate,forward,2,7,11009,bf16,1.0,1.0,0.113376,1.766,20,50
NVIDIA A100-SXM4-80GB,a100,forge_fast,separate,backward,2,7,11009,bf16,1.0,1.0,0.075359,2.061,20,50
NVIDIA A100-SXM4-80GB,a100,forge_fast,separate,full,2,7,11009,bf16,1.0,1.0,0.369042,2.355,20,50
NVIDIA A100-SXM4-80GB,a100,forge_safe,separate,forward,2,7,11009,bf16,1.0,1.0,0.112960,1.766,20,50
NVIDIA A100-SXM4-80GB,a100,forge_safe,separate,backward,2,7,11009,bf16,1.0,1.0,0.088136,2.649,20,50
NVIDIA A100-SXM4-80GB,a100,forge_safe,separate,full,2,7,11009,bf16,1.0,1.0,0.387875,2.944,20,50
NVIDIA A100-SXM4-80GB,a100,torch_packed,packed,forward,2,7,11009,bf16,1.0,1.0,0.134220,2.648,20,50
NVIDIA A100-SXM4-80GB,a100,torch_packed,packed,full,2,7,11009,bf16,1.0,1.0,0.446070,4.414,20,50
NVIDIA A100-SXM4-80GB,a100,forge_packed_fast,packed,forward,2,7,11009,bf16,1.0,1.0,0.110163,1.766,20,50
NVIDIA A100-SXM4-80GB,a100,forge_packed_fast,packed,backward,2,7,11009,bf16,1.0,1.0,0.067284,2.060,20,50
NVIDIA A100-SXM4-80GB,a100,forge_packed_fast,packed,full,2,7,11009,bf16,1.0,1.0,0.357983,2.354,20,50
NVIDIA A100-SXM4-80GB,a100,forge_packed_safe,packed,forward,2,7,11009,bf16,1.0,1.0,0.111645,1.766,20,50
NVIDIA A100-SXM4-80GB,a100,forge_packed_safe,packed,backward,2,7,11009,bf16,1.0,1.0,0.080726,2.648,20,50
NVIDIA A100-SXM4-80GB,a100,forge_packed_safe,packed,full,2,7,11009,bf16,1.0,1.0,0.368687,2.943,20,50
NVIDIA A100-SXM4-80GB,a100,liger,separate,forward,2,7,11009,bf16,1.0,1.0,0.107287,1.766,20,50
NVIDIA A100-SXM4-80GB,a100,liger,separate,full,2,7,11009,bf16,1.0,1.0,0.362794,2.355,20,50
NVIDIA A100-SXM4-80GB,a100,torch,separate,forward,2,7,11009,bf16,0.7,1.3,0.107283,2.648,20,50
NVIDIA A100-SXM4-80GB,a100,torch,separate,full,2,7,11009,bf16,0.7,1.3,0.399297,4.415,20,50
NVIDIA A100-SXM4-80GB,a100,forge_fast,separate,forward,2,7,11009,bf16,0.7,1.3,0.114969,1.766,20,50
NVIDIA A100-SXM4-80GB,a100,forge_fast,separate,backward,2,7,11009,bf16,0.7,1.3,0.076468,2.061,20,50
NVIDIA A100-SXM4-80GB,a100,forge_fast,separate,full,2,7,11009,bf16,0.7,1.3,0.372337,2.355,20,50
NVIDIA A100-SXM4-80GB,a100,forge_safe,separate,forward,2,7,11009,bf16,0.7,1.3,0.113353,1.766,20,50
NVIDIA A100-SXM4-80GB,a100,forge_safe,separate,backward,2,7,11009,bf16,0.7,1.3,0.090401,2.649,20,50
NVIDIA A100-SXM4-80GB,a100,forge_safe,separate,full,2,7,11009,bf16,0.7,1.3,0.396916,2.944,20,50
NVIDIA A100-SXM4-80GB,a100,torch_packed,packed,forward,2,7,11009,bf16,0.7,1.3,0.133917,2.648,20,50
NVIDIA A100-SXM4-80GB,a100,torch_packed,packed,full,2,7,11009,bf16,0.7,1.3,0.455046,4.414,20,50
NVIDIA A100-SXM4-80GB,a100,forge_packed_fast,packed,forward,2,7,11009,bf16,0.7,1.3,0.112785,1.766,20,50
NVIDIA A100-SXM4-80GB,a100,forge_packed_fast,packed,backward,2,7,11009,bf16,0.7,1.3,0.068984,2.060,20,50
NVIDIA A100-SXM4-80GB,a100,forge_packed_fast,packed,full,2,7,11009,bf16,0.7,1.3,0.356479,2.354,20,50
NVIDIA A100-SXM4-80GB,a100,forge_packed_safe,packed,forward,2,7,11009,bf16,0.7,1.3,0.111403,1.766,20,50
NVIDIA A100-SXM4-80GB,a100,forge_packed_safe,packed,backward,2,7,11009,bf16,0.7,1.3,0.081247,2.648,20,50
NVIDIA A100-SXM4-80GB,a100,forge_packed_safe,packed,full,2,7,11009,bf16,0.7,1.3,0.369199,2.943,20,50
NVIDIA A100-SXM4-80GB,a100,liger,separate,forward,2,7,11009,bf16,0.7,1.3,0.145340,2.061,20,50
NVIDIA A100-SXM4-80GB,a100,liger,separate,full,2,7,11009,bf16,0.7,1.3,0.444520,2.649,20,50
NVIDIA A100-SXM4-80GB,a100,torch,separate,forward,1,128,32768,bf16,1.0,1.0,0.111187,72.000,20,50
NVIDIA A100-SXM4-80GB,a100,torch,separate,full,1,128,32768,bf16,1.0,1.0,0.399460,120.000,20,50
NVIDIA A100-SXM4-80GB,a100,forge_fast,separate,forward,1,128,32768,bf16,1.0,1.0,0.112896,48.000,20,50
NVIDIA A100-SXM4-80GB,a100,forge_fast,separate,backward,1,128,32768,bf16,1.0,1.0,0.075195,56.000,20,50
NVIDIA A100-SXM4-80GB,a100,forge_fast,separate,full,1,128,32768,bf16,1.0,1.0,0.368482,64.000,20,50
NVIDIA A100-SXM4-80GB,a100,forge_safe,separate,forward,1,128,32768,bf16,1.0,1.0,0.111866,48.000,20,50
NVIDIA A100-SXM4-80GB,a100,forge_safe,separate,backward,1,128,32768,bf16,1.0,1.0,0.087955,72.000,20,50
NVIDIA A100-SXM4-80GB,a100,forge_safe,separate,full,1,128,32768,bf16,1.0,1.0,0.393029,80.000,20,50
NVIDIA A100-SXM4-80GB,a100,torch_packed,packed,forward,1,128,32768,bf16,1.0,1.0,0.145449,72.000,20,50
NVIDIA A100-SXM4-80GB,a100,torch_packed,packed,full,1,128,32768,bf16,1.0,1.0,0.467715,120.000,20,50
NVIDIA A100-SXM4-80GB,a100,forge_packed_fast,packed,forward,1,128,32768,bf16,1.0,1.0,0.111443,48.000,20,50
NVIDIA A100-SXM4-80GB,a100,forge_packed_fast,packed,backward,1,128,32768,bf16,1.0,1.0,0.070063,56.000,20,50
NVIDIA A100-SXM4-80GB,a100,forge_packed_fast,packed,full,1,128,32768,bf16,1.0,1.0,0.354244,64.000,20,50
NVIDIA A100-SXM4-80GB,a100,forge_packed_safe,packed,forward,1,128,32768,bf16,1.0,1.0,0.110803,48.000,20,50
NVIDIA A100-SXM4-80GB,a100,forge_packed_safe,packed,backward,1,128,32768,bf16,1.0,1.0,0.080708,72.000,20,50
NVIDIA A100-SXM4-80GB,a100,forge_packed_safe,packed,full,1,128,32768,bf16,1.0,1.0,0.370470,80.000,20,50
NVIDIA A100-SXM4-80GB,a100,liger,separate,forward,1,128,32768,bf16,1.0,1.0,0.106593,48.000,20,50
NVIDIA A100-SXM4-80GB,a100,liger,separate,full,1,128,32768,bf16,1.0,1.0,0.370997,64.000,20,50
NVIDIA A100-SXM4-80GB,a100,torch,separate,forward,1,128,32768,bf16,0.7,1.3,0.111329,72.000,20,50
NVIDIA A100-SXM4-80GB,a100,torch,separate,full,1,128,32768,bf16,0.7,1.3,0.400619,120.000,20,50
NVIDIA A100-SXM4-80GB,a100,forge_fast,separate,forward,1,128,32768,bf16,0.7,1.3,0.114738,48.000,20,50
NVIDIA A100-SXM4-80GB,a100,forge_fast,separate,backward,1,128,32768,bf16,0.7,1.3,0.076494,56.000,20,50
NVIDIA A100-SXM4-80GB,a100,forge_fast,separate,full,1,128,32768,bf16,0.7,1.3,0.370048,64.000,20,50
NVIDIA A100-SXM4-80GB,a100,forge_safe,separate,forward,1,128,32768,bf16,0.7,1.3,0.114655,48.000,20,50
NVIDIA A100-SXM4-80GB,a100,forge_safe,separate,backward,1,128,32768,bf16,0.7,1.3,0.090044,72.000,20,50
NVIDIA A100-SXM4-80GB,a100,forge_safe,separate,full,1,128,32768,bf16,0.7,1.3,0.397041,80.000,20,50
NVIDIA A100-SXM4-80GB,a100,torch_packed,packed,forward,1,128,32768,bf16,0.7,1.3,0.144824,72.000,20,50
NVIDIA A100-SXM4-80GB,a100,torch_packed,packed,full,1,128,32768,bf16,0.7,1.3,0.456177,120.000,20,50
NVIDIA A100-SXM4-80GB,a100,forge_packed_fast,packed,forward,1,128,32768,bf16,0.7,1.3,0.113119,48.000,20,50
NVIDIA A100-SXM4-80GB,a100,forge_packed_fast,packed,backward,1,128,32768,bf16,0.7,1.3,0.069546,56.000,20,50
NVIDIA A100-SXM4-80GB,a100,forge_packed_fast,packed,full,1,128,32768,bf16,0.7,1.3,0.359175,64.000,20,50
NVIDIA A100-SXM4-80GB,a100,forge_packed_safe,packed,forward,1,128,32768,bf16,0.7,1.3,0.112945,48.000,20,50
NVIDIA A100-SXM4-80GB,a100,forge_packed_safe,packed,backward,1,128,32768,bf16,0.7,1.3,0.082165,72.000,20,50
NVIDIA A100-SXM4-80GB,a100,forge_packed_safe,packed,full,1,128,32768,bf16,0.7,1.3,0.373141,80.000,20,50
NVIDIA A100-SXM4-80GB,a100,liger,separate,forward,1,128,32768,bf16,0.7,1.3,0.147324,56.000,20,50
NVIDIA A100-SXM4-80GB,a100,liger,separate,full,1,128,32768,bf16,0.7,1.3,0.448572,72.000,20,50
NVIDIA A100-SXM4-80GB,a100,torch,separate,forward,1,32,65536,bf16,1.0,1.0,0.107464,36.000,20,50
NVIDIA A100-SXM4-80GB,a100,torch,separate,full,1,32,65536,bf16,1.0,1.0,0.393962,60.000,20,50
NVIDIA A100-SXM4-80GB,a100,forge_fast,separate,forward,1,32,65536,bf16,1.0,1.0,0.114903,24.000,20,50
NVIDIA A100-SXM4-80GB,a100,forge_fast,separate,backward,1,32,65536,bf16,1.0,1.0,0.081947,28.000,20,50
NVIDIA A100-SXM4-80GB,a100,forge_fast,separate,full,1,32,65536,bf16,1.0,1.0,0.375477,32.000,20,50
NVIDIA A100-SXM4-80GB,a100,forge_safe,separate,forward,1,32,65536,bf16,1.0,1.0,0.114374,24.000,20,50
NVIDIA A100-SXM4-80GB,a100,forge_safe,separate,backward,1,32,65536,bf16,1.0,1.0,0.092731,36.000,20,50
NVIDIA A100-SXM4-80GB,a100,forge_safe,separate,full,1,32,65536,bf16,1.0,1.0,0.391628,40.000,20,50
NVIDIA A100-SXM4-80GB,a100,torch_packed,packed,forward,1,32,65536,bf16,1.0,1.0,0.134463,36.000,20,50
NVIDIA A100-SXM4-80GB,a100,torch_packed,packed,full,1,32,65536,bf16,1.0,1.0,0.465951,60.000,20,50
NVIDIA A100-SXM4-80GB,a100,forge_packed_fast,packed,forward,1,32,65536,bf16,1.0,1.0,0.111151,24.000,20,50
NVIDIA A100-SXM4-80GB,a100,forge_packed_fast,packed,backward,1,32,65536,bf16,1.0,1.0,0.082821,28.000,20,50
NVIDIA A100-SXM4-80GB,a100,forge_packed_fast,packed,full,1,32,65536,bf16,1.0,1.0,0.362589,32.000,20,50
NVIDIA A100-SXM4-80GB,a100,forge_packed_safe,packed,forward,1,32,65536,bf16,1.0,1.0,0.110282,24.000,20,50
NVIDIA A100-SXM4-80GB,a100,forge_packed_safe,packed,backward,1,32,65536,bf16,1.0,1.0,0.095073,36.000,20,50
NVIDIA A100-SXM4-80GB,a100,forge_packed_safe,packed,full,1,32,65536,bf16,1.0,1.0,0.370017,40.000,20,50
NVIDIA A100-SXM4-80GB,a100,liger,separate,forward,1,32,65536,bf16,1.0,1.0,0.105572,24.000,20,50
NVIDIA A100-SXM4-80GB,a100,liger,separate,full,1,32,65536,bf16,1.0,1.0,0.369327,32.000,20,50
NVIDIA A100-SXM4-80GB,a100,torch,separate,forward,1,32,65536,bf16,0.7,1.3,0.106257,36.000,20,50
NVIDIA A100-SXM4-80GB,a100,torch,separate,full,1,32,65536,bf16,0.7,1.3,0.398982,60.000,20,50
NVIDIA A100-SXM4-80GB,a100,forge_fast,separate,forward,1,32,65536,bf16,0.7,1.3,0.114838,24.000,20,50
NVIDIA A100-SXM4-80GB,a100,forge_fast,separate,backward,1,32,65536,bf16,0.7,1.3,0.082317,28.000,20,50
NVIDIA A100-SXM4-80GB,a100,forge_fast,separate,full,1,32,65536,bf16,0.7,1.3,0.371211,32.000,20,50
NVIDIA A100-SXM4-80GB,a100,forge_safe,separate,forward,1,32,65536,bf16,0.7,1.3,0.115072,24.000,20,50
NVIDIA A100-SXM4-80GB,a100,forge_safe,separate,backward,1,32,65536,bf16,0.7,1.3,0.093586,36.000,20,50
NVIDIA A100-SXM4-80GB,a100,forge_safe,separate,full,1,32,65536,bf16,0.7,1.3,0.391270,40.000,20,50
NVIDIA A100-SXM4-80GB,a100,torch_packed,packed,forward,1,32,65536,bf16,0.7,1.3,0.134913,36.000,20,50
NVIDIA A100-SXM4-80GB,a100,torch_packed,packed,full,1,32,65536,bf16,0.7,1.3,0.451957,60.000,20,50
NVIDIA A100-SXM4-80GB,a100,forge_packed_fast,packed,forward,1,32,65536,bf16,0.7,1.3,0.111667,24.000,20,50
NVIDIA A100-SXM4-80GB,a100,forge_packed_fast,packed,backward,1,32,65536,bf16,0.7,1.3,0.076601,28.000,20,50
NVIDIA A100-SXM4-80GB,a100,forge_packed_fast,packed,full,1,32,65536,bf16,0.7,1.3,0.361122,32.000,20,50
NVIDIA A100-SXM4-80GB,a100,forge_packed_safe,packed,forward,1,32,65536,bf16,0.7,1.3,0.112154,24.000,20,50
NVIDIA A100-SXM4-80GB,a100,forge_packed_safe,packed,backward,1,32,65536,bf16,0.7,1.3,0.085155,36.000,20,50
NVIDIA A100-SXM4-80GB,a100,forge_packed_safe,packed,full,1,32,65536,bf16,0.7,1.3,0.374165,40.000,20,50
NVIDIA A100-SXM4-80GB,a100,liger,separate,forward,1,32,65536,bf16,0.7,1.3,0.146269,28.000,20,50
NVIDIA A100-SXM4-80GB,a100,liger,separate,full,1,32,65536,bf16,0.7,1.3,0.444914,36.000,20,50
