model,mode,batch,seq_len,dtype,hidden,intermediate,layers,vocab,kernel,ms,ratio,peak_mb,modules
Qwen/Qwen2.5-0.5B,infer,1,128,bf16,896,4864,24,151936,(unpatched),32.13241600042238,1.0,998.01123046875,
Qwen/Qwen2.5-0.5B,infer,1,128,bf16,896,4864,24,151936,embedding,32.14634450068843,0.9995667158900213,998.01123046875,{'embedding': 1}
Qwen/Qwen2.5-0.5B,infer,1,128,bf16,896,4864,24,151936,rmsnorm,32.6025699996535,0.9855792350346579,998.01123046875,{'rmsnorm': 49}
Qwen/Qwen2.5-0.5B,infer,1,128,bf16,896,4864,24,151936,swiglu,32.39305550050631,0.9919538464014347,998.01123046875,{'swiglu': 24}
Qwen/Qwen2.5-0.5B,infer,1,128,bf16,896,4864,24,151936,geglu,31.912905499666522,1.0068784241772706,998.01123046875,(module-level)
Qwen/Qwen2.5-0.5B,infer,1,128,bf16,896,4864,24,151936,rope,32.195990000218444,0.9980254062758862,998.01123046875,(module-level)
Qwen/Qwen2.5-0.5B,infer,1,128,bf16,896,4864,24,151936,fused_linear_ce,31.920194000122137,1.0066485184989613,998.01123046875,(skipped: no effect without a backward pass)
Qwen/Qwen2.5-0.5B,infer,1,128,bf16,896,4864,24,151936,lora_mlp,31.82641799958219,1.0096145912758454,998.01123046875,(skipped: no effect without a backward pass)
Qwen/Qwen2.5-0.5B,infer,1,128,bf16,896,4864,24,151936,lora_qkv,31.78985950034985,1.0107756531628824,998.01123046875,(skipped: no effect without a backward pass)
Qwen/Qwen2.5-0.5B,infer,1,128,bf16,896,4864,24,151936,ALL,32.72488200036605,0.981895549694051,998.01123046875,"{'embedding': 1, 'swiglu': 24, 'rmsnorm': 49}"
